id,ime
1265,Jane Austen
1036615,Charlotte Brontë
3565,Oscar Wilde
4191,Emily Brontë
3137322,Fyodor Dostoyevsky
11139,Mary Wollstonecraft Shelley
4785,Alexandre Dumas
8164,Lewis Carroll
6988,Bram Stoker
13661,Victor Hugo
1315,Louisa May Alcott
128382,Leo Tolstoy
1244,Mark Twain
239579,Charles Dickens
2448,Arthur Conan Doyle
1624,Herman Melville
854076,Robert Louis Stevenson
1461,Gustave Flaubert
2938140,Jacob Grimm
7799,Nathaniel Hawthorne
15905,Thomas Hardy
880695,H.G. Wells
1413437,Elizabeth Gaskell
173,George Eliot
4624490,Edgar Allan Poe
3242,L. Frank Baum
285217,Johann Wolfgang von Goethe
12793,Charles Darwin
4012,Wilkie Collins
696805,Jules Verne
3953,William Makepeace Thackeray
6378,Hans Christian Andersen
1438,Walt Whitman
26242,Harriet Beecher Stowe
49,Johanna Spyri
2530,Anna Sewell
2730977,Henrik Ibsen
8249,Anne Brontë
10264,Henry David Thoreau
5132,Kate Chopin
6989,Rudyard Kipling
13847,Charles Baudelaire
7084,Karl Marx
1481537,Stendhal
7440,Emily Dickinson
1938,Friedrich Nietzsche
232932,Nikolai Gogol
4345,Walter Scott
3345,Joseph Conrad
159,Henry James
29527,Charlotte Perkins Gilman
6172,Søren Kierkegaard
18317,Knut Hamsun
228089,Honoré de Balzac
6188,Georg Wilhelm Friedrich Hegel
3352,Jerome K. Jerome
410680,Ivan Turgenev
16070,Alexander Pushkin
9121,James Fenimore Cooper
15123,Carlo Collodi
4750,Émile Zola
13018,Adalbert Stifter
72605,Arthur Rimbaud
187510,Novalis
5158478,Anonymous
439459,Johann Peter Eckermann
53498,Bo Hampton
18943,Frederick Douglass
153341,Comte de Lautréamont
4633123,H. Rider Haggard
5031025,Anton Chekhov
54427,Heinrich von Kleist
20524,Anthony Trollope
26930,J. Sheridan Le Fanu
2897630,Johann David Wyss
4369397,Harriet Ann Jacobs
15538,Mikhail Lermontov
25619,Henryk Sienkiewicz
77556,Leopold von Sacher-Masoch
143178,Christina Rossetti
3093075,Edwin A. Abbott
18791,Guy de Maupassant
57651,John Stuart Mill
19879,Stephen Crane
465,Alexis de Tocqueville
13638502,Alfred Tennyson
11978,John Keats
670859,Edmond Rostand
28525,Washington Irving
45705,Johann Peter Hebel
30775,Anthony Hope
5326370,Ivan Goncharov
45896,Mary Elizabeth Braddon
8987,Theodore Dreiser
3186713,Alexandre Dumas fils
22458,Machado de Assis
2413,George MacDonald
67032,Elizabeth Barrett Browning
6815,August Strindberg
1399243,Friedrich Schiller
44407,Lord Byron
96426,Solomon Northup
545254,R.D. Blackmore
64709,Clement C. Moore
34636,Lisbeth Zwerger
68613,Theodor Fontane
18393,Andrew Lang
10017,Sigmund Freud
229,Abraham Lincoln
4532116,George Gissing
94147,Georg Büchner
16104262,Lew Wallace
25574,Benito Pérez Galdós
2041,Frances Hodgson Burnett
297006,Bolesław Prus
192314,Richard Henry Dana Jr.
33546,Arthur Machen
14403,Ambrose Bierce
53464,Jan Potocki
11682,Arthur Schopenhauer
82926,Frank Norris
50325,Thomas de Quincey
123088,Joris-Karl Huysmans
5217,George Bernard Shaw
1779542,Mrs. Henry Wood
84278,Booker T. Washington
136729,Alessandro Manzoni
6913270,Eça de Queirós
30762,George Grossmith
1211478,James George Frazer
5780534,Leopoldo Alas
7935185,E. Nesbit
53350,Howard Pyle
48593,Mary Mapes Dodge
24391,Robert Browning
50314,James Hogg
7267068,E.T.A. Hoffmann
109822,Harriet E. Wilson
227234,Elias Lönnrot
4086745,John Meade Falkner
113849,George du Maurier
3367032,Multatuli
41534,Alfred Jarry
35817,Sarah Orne Jewett
12080,Ralph Waldo Emerson
128771,Gérard de Nerval
1464,George Sand
2697,Henry Wadsworth Longfellow
5107618,Charles M. Sheldon
89275,Frédéric Bastiat
16071,Heinrich Heine
25616,Rosa Luxemburg
57827,Charles W. Chesnutt
113010,Prosper Mérimée
387955,Susan Coolidge
38069,A.E. Housman
61732,Francis Parkman
224285,Jules Renard
200679,Mary Baker Eddy
2765771,A.M. Barnard
109821,William Wells Brown
3158890,Eduard Mörike
5297,John Muir
21152,Fanny Burney
188311,Catharine Maria Sedgwick
103384,Théophile Gautier
38658,Arthur Schnitzler
130421,Florence Marryat
3348,Richard Marsh
220239,Pat F. Garrett
11525,Samuel Taylor Coleridge
51047,Alphonse Daudet
6523516,Charles Robert Maturin
209272,Adam Mickiewicz
117707,Louis Couperus
45882,Percy Bysshe Shelley
17771220,Brandon    Thomas
544877,James Otis
60536,Olive Schreiner
1825,Harper Lee
3706,George Orwell
3190,F. Scott Fitzgerald
1077326,J.K. Rowling
656983,J.R.R. Tolkien
3720,Anne Frank
819789,J.D. Salinger
1630,Ray Bradbury
585,John Steinbeck
1069006,C.S. Lewis
13450,Gabriel García Márquez
3487,Aldous Huxley
1020792,Antoine de Saint-Exupéry
11081,Margaret Mitchell
2493,Lois Lowry
306,William Golding
2778055,Kurt Vonnegut
5152,Vladimir Nabokov
7285,Ken Kesey
4,Douglas Adams
614,Arthur Golden
3472,Margaret Atwood
957894,Albert Camus
988142,E.B. White
106,Madeleine L&#39;Engle
1455,Ernest Hemingway
589,Orson Scott Card
435477,Shel Silverstein
2327917,Betty  Smith
4379,Sylvia Plath
1049,Elie Wiesel
7717,Richard  Adams
566,Paulo Coelho
431149,Truman Capote
61105,Dr. Seuss
5350,L.M. Montgomery
432,Ayn Rand
3541,Barbara Kingsolver
7380,Alice Walker
1113469,Hermann Hesse
5223,Franz Kafka
3075,John Irving
3389,Stephen King
6343,Milan Kundera
4489,Maurice Sendak
1730,Umberto Eco
4273,Roald Dahl
3447,Ken Follett
58,Frank Herbert
1742,Jack Kerouac
3873,Mikhail Bulgakov
762707,S.E. Hinton
5144,James Joyce
704,Pearl S. Buck
4116,Erich Maria Remarque
3534,Toni Morrison
3049,John Kennedy Toole
2001717,Daphne du Maurier
5246,Amy Tan
3347,Frank McCourt
3535,William Faulkner
5300,Laura Ingalls Wilder
15151,Zora Neale Hurston
5735,Anthony Burgess
7508,Ralph Ellison
6810,Wilson Rawls
1433597,Samuel Beckett
11072,Daniel Keyes
1055,Larry McMurtry
2330,Tim O&#39;Brien
626222,Anita Diamant
7565,William Styron
5237,Hunter S. Thompson
1285555,José Saramago
6765,Virginia Woolf
346732,George R.R. Martin
3505,Wally Lamb
81466,A.A. Milne
12521,William Goldman
123715,Agatha Christie
1240,Jack London
39402,Patrick Süskind
2546,Chuck Palahniuk
102203,Corrie ten Boom
3961,Alan Moore
8120,Arthur Miller
4178,Cormac McCarthy
13778,Bill Watterson
12898,Stephen Chbosky
83846,Margery Williams Bianco
7577,Anne Rice
8051,Chinua Achebe
3167,Joseph Heller
6466154,Kahlil Gibran
18540,T.S. Eliot
18479,Margaret Wise Brown
17434,Alex Haley
4917067,Colleen McCullough
5255014,J.M. Barrie
6417,James Clavell
10420,Aleksandr Solzhenitsyn
3539,Rohinton Mistry
3617,Diana Gabaldon
3503,Maya Angelou
205,Robert A. Heinlein
3299,Salman Rushdie
4339,David Foster Wallace
3354,Haruki Murakami
3618,Philip Pullman
7751,Tennessee Williams
1654,Terry Pratchett
2238,Isabel Allende
4764,Philip K. Dick
6134,Arundhati Roy
2782,Viktor E. Frankl
4841825,Marion Zimmer Bradley
7902,Boris Pasternak
16,Edith Wharton
16904,Richard Bach
426944,T.H. White
630,Dan Brown
256,Jared Diamond
2331,Mitch Albom
17435,Malcolm X
3843,Kenneth Grahame
23510,Upton Sinclair
861,Jean M. Auel
881203,Willa Cather
3670,Jhumpa Lahiri
3506,Carson McCullers
4952,John Berendt
4030,Michael Ondaatje
3496,John Knowles
4694,Laura Esquivel
2715,Michael Chabon
233619,Marcel Proust
155517,Italo Calvino
401,Robert M. Pirsig
4128,J.M. Coetzee
235,Thomas Pynchon
86404,E.M. Forster
11315,Evelyn Waugh
500,Jorge Luis Borges
214,Norton Juster
5117,Art Spiegelman
9226,William Gibson
1899,Howard Zinn
2345,Nicholas Sparks
27779,Caleb Carr
6125,Fannie Flagg
1388082,Jostein Gaarder
13974,Mark Z. Danielewski
9657,Richard Wright
1973,Tracy Chevalier
2849,David Sedaris
1949,Katherine Paterson
1235,Jon Krakauer
6191,Martin Heidegger
16747,Robert Musil
19708,Leon Uris
749461,Günter Grass
1466,Jean-Paul Sartre
15619,Michael Ende
2751,Bret Easton Ellis
10039,John Fowles
1467,Jeffrey Eugenides
7869,Louis-Ferdinand Céline
2894,Bernhard Schlink
721,John Grisham
3362,Eric Carle
20105,Joseph Campbell
27069,Richard Yates
3736,Robert Penn Warren
7906,Rainer Maria Rilke
3012988,Robert Graves
7130,Charles Frazier
43443,Dee Brown
1432,Michael Cunningham
1221698,Neil Gaiman
63,Bryce Courtenay
608211,Robin Waterfield
293,Tom Stoppard
16667,Isaac Asimov
4999,Scott O&#39;Dell
6569,Louis Sachar
15328,John Hersey
7385,Chaim Potok
15332,Rachel Carson
22694,Flannery O&#39;Connor
4176632,W. Somerset Maugham
874602,Ursula K. Le Guin
5548,Simone de Beauvoir
1873,David Guterson
16892,Michael Shaara
3527,Alan Paton
3892,Tom Clancy
147,Henry Miller
1262010,Annie Proulx
16927,Dashiell Hammett
69007,Beatrice Sparks
6900,Thomas Keneally
3371,Dave Eggers
233,Don DeLillo
10003,Laurie Halse Anderson
9057,Gaston Leroux
3083854,Tom Wolfe
12942,Judy Blume
17623,D.H. Lawrence
1237,Jung Chang
3090,Helen Fielding
7215049,Isak Dinesen
2893961,Emmuska Orczy
9685,Chris Van Allsburg
4261,Allen Ginsberg
5668,Nikos Kazantzakis
157779,Wallace Stegner
11593,Beatrix Potter
12584,E.L. Doctorow
6878,John Updike
2533,Graham Greene
410653,Astrid Lindgren
1401,Stephen Hawking
88483,Oswald Spengler
21477,Nevil Shute
5194,Michael Crichton
7451,Keri Hulme
75091,Fred Gipson
6025722,Walter M. Miller Jr.
22485,Jacqueline Susann
10074,Ellen Raskin
8166,Lawrence Durrell
4462369,William S. Burroughs
463,Philip Roth
1377,Raymond Chandler
545,Neal Stephenson
28345,Vikram Seth
6252,Robert Jordan
18062,James Herriot
6942,Pat Conroy
6526,Kōbō Abe
13263,Edith Hamilton
7779,Arthur C. Clarke
29068,Dalton Trumbo
7715,Robert Frost
7995,James A. Michener
6208,Dodie Smith
3317,Dale Carnegie
17592,Nicolas Tredell
21475,Pat Frank
4229,Sebastian Faulks
10105,Avi
18343452,Louis de-Bernières
10547,E.E. Cummings
1774448,Jaroslav Hašek
197,Tom Robbins
8622,Katherine Dunn
8146,Mark Helprin
56700,Crockett Johnson
10538,Carl Sagan
4007,Mary Doria Russell
13360,William L. Shirer
3732,Lorraine Hansberry
13677,Gail Carson Levine
457,Anne Tyler
9020,Herman Wouk
3034502,Douglas R. Hofstadter
296961,Paul Auster
15445,Carl Bernstein
4187,Primo Levi
7622,Patricia Highsmith
3536,Ursula Hegi
76172,Ernesto Che Guevara
58918,Helene Hanff
9720,Mary Norton
19405,Thomas Mann
4376,Susanna Kaysen
5687,Irvine Welsh
16652,John Howard Griffin
4026,Pablo Neruda
7816,Fernando Pessoa
16943,Norman Maclean
11700,David James Duncan
7491,Marilynne Robinson
2929,Nick Hornby
15590,Mary  Stewart
957910,Henri Charrière
2384,Janet Evanovich
7732,Marguerite Yourcenar
7287,Iris Murdoch
45645,Sherwood Anderson
7680,Eugene O&#39;Neill
7,Bill Bryson
22018,Mervyn Peake
17219,Arthur Koestler
38285,C.G. Jung
12833,Irving Stone
7419,John Galsworthy
10330,Daniel Quinn
1538,Stephen R. Covey
21798,Betty Friedan
1411964,John le Carré
25824,Julio Cortázar
13234,Sandra Cisneros
1040250,M.M. Kaye
8993,O. Henry
52627,Olive Ann Burns
30055,Ezra Pound
10710,W.E.B. Du Bois
44061,Thornton Wilder
5329,Brian Jacques
1954,Natalie Babbitt
15248,Flann O&#39;Brien
21778,Juan Rulfo
5336,Judi Barrett
5768,John Jakes
1054,Beryl Markham
25022,Jean Rhys
53259,Stella Gibbons
2147,Ivo Andrić
1067608,Peter S. Beagle
8050,Ira Levin
35822,Tony Kushner
7963,P.G. Wodehouse
11121,Jerzy Kosiński
23129,Robertson Davies
10885,Edgar Rice Burroughs
171515,Georg Trakl
43298,Yevgeny Zamyatin
15819,Guy Debord
7970,Richard Brautigan
8726,Richard Matheson
5209,Annie Dillard
1194,Richard Dawkins
163,Marguerite Duras
104728,William Peter Blatty
12605,Mario Puzo
14002590,W.H. Auden
40351,Henry Lincoln
5858,Richard Bachman
1339,Jane Smiley
9785,Andre Dubus III
8203,James Redfield
36332,John Wyndham
7927,Norman Mailer
15516,Erich Segal
27397,Benjamin Hoff
14032,Connie Willis
16628,Walter Farley
26,Anne McCaffrey
481146,John Gardner
3540,Janet Fitch
51229,John  Williams
7921,Thomas Wolfe
4280,Kazuo Ishiguro
24956,Dorothy Parker
11728,James McBride
7659,Paul Bowles
41108,Paulo Freire
13275,Charles Bukowski
22698,Richard Llewellyn
6872556,P.L. Travers
1353301,V.C. Andrews
38329,Heinrich Harrer
7549,Elizabeth George Speare
3533,Ernest J. Gaines
12696,Jerry Spinelli
26957,Gerald Durrell
26853,Bertolt Brecht
12980,Stephen R. Donaldson
8719,Donna Tartt
3515,Ann-Marie MacDonald
3510,Billie Letts
7010931,J.G. Ballard
20849,Rosamunde Pilcher
281443,Ernst Jünger
9388,Louise Erdrich
29182,Patricia MacLachlan
2560,Louise Fitzhugh
9494,H.P. Lovecraft
1260,Michel Foucault
13093,Muriel Spark
7330,Sinclair Lewis
4391,Saul Bellow
5234,Sena Jeter Naslund
29611,James Agee
13388,Shirley Jackson
2687,Dan Simmons
6238,Marjane Satrapi
843200,Oliver Sacks
7014283,G.K. Chesterton
19316,Peter Mayle
65685,Nathanael West
36746,Lemony Snicket
16266,Kent Haruf
15085,Frank Miller
9432,Joanne Harris
2565,Ian Fleming
4203,Sigrid Undset
8875,Halldór Kiljan Laxness
137261,Barbara W. Tuchman
130766,Robert Bolt
337,Walker Percy
3119,Paul Scott
3524,Joyce Carol Oates
7628,Iain Banks
6760,Laurie R. King
403,Beverly Cleary
72039,Roberto Bolaño
1886,Douglas Coupland
5293,Robert Ludlum
8588,Raymond E. Feist
3532,Maeve Binchy
14160,Marilyn French
2713,E.L. Konigsburg
42041,Max Weber
43828,Aldo Leopold
12476,Joe Haldeman
1429989,Richard Feynman
42697,Irma S. Rombauer
37218,Edward Abbey
24824,Jon Stone
13078,Kingsley Amis
8458,James W. Loewen
17854,Bertrand Russell
39326,Heinrich Böll
33998,Edna St. Vincent Millay
238,Joan Didion
26335,Hubert Selby Jr.
2014,Garrison Keillor
6412,Robert C. O&#39;Brien
7464,John Cheever
16770310,Edward W. Said
10991,Stanisław Lem
1209,Ford Madox Ford
36714,Frederick Forsyth
31457,James Dickey
4738,Alexander McCall Smith
5244478,Robert R. McCammon
29963,W.B. Yeats
8933,Alan Lightman
2522,Zadie Smith
28719,Gail Tsukiyama
29535,Octavia E. Butler
157249,William Wharton
12034,Carol Shields
14473,James M. Cain
33918,China Miéville
44202,Mikhail Sholokhov
1881,Dave Pelzer
7363,Raymond Carver
33384,Taylor Caldwell
18930,Anya Seton
5684,Alex Garland
28828,Vincent Bugliosi
38185,Mary Renault
3441,Terry Goodkind
2031,James Hilton
16494,Sebastian Junger
30913,Laura Hillenbrand
4260,Diana Wynne Jones
6485158,Homer Hickam
9632,Witold Gombrowicz
9629,Terry Brooks
14053,Simon Winchester
10992,Alfred Bester
19595,Vasily Grossman
13453,William Blake
22393,Naomi Wolf
369288,Peter Høeg
8649,Juliet Marillier
26946,Mildred D. Taylor
8407795,Giuseppe Tomasi di Lampedusa
30691,Adolf Hitler
12810,Julian Jaynes
15873,Cornelia Funke
29184,Nancy E. Turner
2914435,Alcoholics Anonymous
10427,James Baldwin
8184204,Richard Preston
4735497,Thomas S. Kuhn
5752454,Robert Shea
29333,Dietrich Bonhoeffer
8734,Dorothy L. Sayers
11337,Martin Amis
7785453,Black Elk
6001,Carolyn Keene
6281688,David McCullough
23069,Gene Wolfe
42920,Wallace Stevens
8258,Martin Cruz Smith
670307,Friedrich A. Hayek
10366,Clive Barker
1728,Orhan Pamuk
5657,Gore Vidal
4820,Jeffrey Archer
25307,Robin Hobb
68809,John Gunther
17452454,P.D. James
1254084,William Least Heat-Moon
10673,Eleanor H. Porter
563720,O.E. Rølvaag
29581,Leslie Marmon Silko
6039100,Robert Munsch
1064072,T. Coraghessan Boyle
26338,Henry Roth
1858,Kim Stanley Robinson
22515,Mario Vargas Llosa
64280,Ludwig Bemelmans
419,Naomi Klein
23509,Jean Craighead George
17290,Maxine Hong Kingston
6530,Max Frisch
722,Robert A. Caro
6160,Sophie Kinsella
5835922,Naguib Mahfouz
6517,Elias Canetti
5339,Robin McKinley
25334,Sarah Waters
12455,Thomas   Harris
16204,Edward Rutherfurd
262262,Felix Salten
8788,Erich Fromm
16184,Will Durant
25864,John Fante
2875209,T.E. Lawrence
75287,Jean-Dominique Bauby
45706,Alfred Döblin
6404,Jonathan Lethem
121072,Janet E. Morris
3530,Anita Shreve
5775606,Ernesto Sabato
63564,André Malraux
7371,Tobias Wolff
16893,MacKinlay Kantor
85288,Benedict Freedman
13663,Kate DiCamillo
5600,Patrick O&#39;Brian
10746,Jim Butcher
52074,John Crowley
66162,Charles Tazewell
6098,Nicholas Evans
2996,Michael Herr
18,Gary Paulsen
43602,Harriette Simpson Arnow
28709,Chuck Dixon
41013,Farley Mowat
1169504,A.S. Byatt
28229,Banana Yoshimoto
7728,Doris Lessing
7689,Eugène Ionesco
23511,Rita Mae Brown
3030,Alvin Toffler
127901,Lloyd C. Douglas
6437238,William Strunk Jr.
3080,Judith Viorst
2408,Ian McEwan
4778,John Dos Passos
22099,John     Nichols
25573,Stefan Zweig
9800,Anne Michaels
51606,L.P. Hartley
99703,Anna Akhmatova
24846,Shelby Foote
22996,Frederik Pohl
27573,Leo F. Buscaglia
6685,Fritjof Capra
40552,Jan Karon
44023,Josephine Tey
6492,Francine Rivers
11237,Catherine Marshall
9322,Edward Albee
24655,Sharon Kay Penman
77193,Helen Prejean
6460339,Alain-Fournier
29952,Jean Genet
4043,Wilbur Smith
35258,Yukio Mishima
1094283,D.M. Thomas
23394,Frederick Exley
30095,Jean Webster
3429453,Frank B. Gilbreth Jr.
1795488,Victor Villaseñor
1372693,Gene Stratton-Porter
29544,James Alexander Thom
3989,V.S. Naipaul
12076,Russell Hoban
11646,Lynda Barry
46158,Marjorie Kinnan Rawlings
12534,Larry Niven
8732,David Eddings
8055,Ha Jin
2749,Scott Turow
3061,M. Scott Peck
1041311,René Goscinny
54103,Jean Giono
14164,Shūsaku Endō
8113,John Barth
40398,Arturo Pérez-Reverte
7308,Susan Cooper
7844,Richard Russo
13084,Roland Barthes
142899,Bruno Schulz
19651,Ken Grimwood
37728,Frantz Fanon
25096,Jean Toomer
7745,Thomas Bernhard
3858028,Mikhail Bakhtin
33503,L. Ron Hubbard
42354,Margaret Laurence
8550,Yasunari Kawabata
4771489,Sándor Márai
93351,Michelle Magorian
7672,Ludwig Wittgenstein
29005,Mitsu Yamamoto
10089,Philip José Farmer
52683,Jorge Amado
51204,Alastair Reynolds
8596,Tamora Pierce
14255,Danielle Steel
1439,Malcolm Gladwell
7113,Anne Lamott
72703,Samuel Butler
3619,Roger Zelazny
20730,Don Freeman
38706,Italo Svevo
47391,Patrick McCabe
117182,Susan Faludi
44037,Vernor Vinge
57189,Dylan Thomas
3999,James  Jones
5599,Dorothy Allison
6941,Peter Straub
7277,Julia Alvarez
21135,Anne Morrow Lindbergh
22595,Peter Carey
37766,Gary Jennings
3277,Dava Sobel
17065,J.D. Robb
3400721,Pierre Boulle
274225,Anna Lee Waldo
1462,Julian Barnes
64654,Sheila Burnford
26975,Gary Zukav
26090,William  Kennedy
53501,George R. Stewart
40098,Luke Rhinehart
1159886,Arkady Strugatsky
16541,Tony Horwitz
447,Bernard Malamud
73021,Booth Tarkington
13607545,Sadegh Hedayat
150701,Jack Schaefer
7713,Sam Shepard
27034,Charles Portis
12144,James M. McPherson
80824,Milorad Pavić
18206,Thor Heyerdahl
575,Robert   Harris
6580622,W.G. Sebald
600,Robert T. Kiyosaki
44150,Federico García Lorca
88445,Kathleen E. Woodiwiss
5989,Jane Yolen
47421,Dino Buzzati
30013,Djuna Barnes
99849,Esther Forbes
90796,Jerry Mander
15865,William James
3073,John Buchan
28574,Jude Deveraux
7469,Octavio Paz
16218,Christopher Moore
11654,Meg Cabot
28785,Peter Shaffer
4953,Philippa Pearce
2887,James Ellroy
15435,William Carlos Williams
29974,David  Lindsay
30898,Quino
3047,John F. Kennedy
3521,Bret Lott
9097,Legs McNeil
6944,Jack Finney
3424060,Adolfo Bioy Casares
1860,Walter Benjamin
41992,Jerome Lawrence
28544,Sharon Shinn
59542,Peter Benchley
3731,Frances Goodrich
50783,Patrick White
1470908,The Onion
4000,Pat Barker
5091,Lee Child
19929,Tim Winton
33472,Mika Waltari
15959,Boris Vian
6410,Alice Munro
48305,Cornelius Ryan
10015,Kate Atkinson
622,Gary Chapman
7031,James Lee Burke
8167,Reynolds Price
4493,Eckhart Tolle
2934,Noah Gordon
60177,Guy Gavriel Kay
74263,John Rawls
6587,Tad Williams
41313,Susan Elizabeth Phillips
89552,Munro Leaf
70540,Ivan Doig
3500,Anna Quindlen
3180482,SubGenius Foundation
54711,Janell Cannon
27500,Angela Carter
184683,Willem Frederik Hermans
15991,William Gaddis
1367127,Carlos Fuentes
27861,Ian Falconer
95937,João Guimarães Rosa
114539,Mordecai Richler
5882,Stephen E. Ambrose
14033,Winston S. Churchill
82608,Rafael Sabatini
30681,Joseph Roth
47499,Paullina Simons
92064,Paul Gallico
3101,Barry Unsworth
26814,Anne Sexton
9074,Thich Nhat Hanh
63523,Alfred Korzybski
148413,Patrick Leigh Fermor
8835,Tim Powers
6568,James D. Bradley
7372,Philip Gourevitch
113561,Osamu Dazai
20404,Henry Adams
23012,Clifford D. Simak
47118,Nicholas Monsarrat
295289,Richard Hughes
236,Harold Bloom
32878,Michel Houellebecq
3098,Mark Bowden
7128,Jodi Picoult
367338,Nelson Mandela
41963,Neil Postman
17220,Nelson Algren
4370,Elizabeth Wurtzel
4152890,Daniil Kharms
12535,David Morrell
20560,Sheri S. Tepper
12470,Michael Connelly
10331,Ishmael Reed
5441368,Antal Szerb
18575,Malika Oufkir
7735,Irwin Shaw
18067,Georgette Heyer
25847,Lester Bangs
5310,Lois Lenski
3340,Spencer Johnson
139434,Oğuz Atay
31726,Marc Reisner
21508,John Cowper Powys
6356,Barack Obama
12447,Arnold Lobel
41588,Elizabeth Bishop
36686,Luther Blissett
10229,Christopher Isherwood
8644,Sylvia Nasar
25708,Gao Xingjian
8924,Lloyd Alexander
36378,Amin Maalouf
50873,L.J. Smith
10108,Roddy Doyle
1417512,J.G. Farrell
14079,Jay McInerney
67388,Forrest Carter
9325,Gertrude Stein
9399,Jeanette Winterson
26897,Anne Bishop
4174,Sherman Alexie
2951738,Noel Streatfeild
296340,Clint Catalyst
161460,Bill Knott
51575,Colette
174213,Cookie Mueller
44694,Harry Mulisch
66522,Guillaume Apollinaire
15128,Russell Banks
5559570,Louise Glück
60609,Eve Ensler
5376,Jack Vance
13705,George Selden
1847,Mark Kurlansky
9599,Paul Theroux
7625163,Tim LaHaye
36122,Patricia C. Wrede
9833,Iain Pears
7617,André Gide
48206,Karen Marie Moning
36812,Claire Huchet Bishop
6538289,David Mitchell
65974,Leon Trotsky
42288,Clyde Edgerton
1145220,J.I. Packer
2313,Louis de Bernières
14084,Jonathan Kozol
1025097,Patricia Cornwell
40311,Piers Paul Read
1216116,Ferenc Molnár
128607,Elfriede Jelinek
4402,Miguel Ruiz
153394,Suzanne Collins
569,Khaled Hosseini
11466,Markus Zusak
1943477,Kathryn Stockett
811,Yann Martel
706255,Stieg Larsson
498072,Audrey Niffenegger
1406384,John Green
24556,Sara Gruen
1050,Mark Haddon
316,Alice Sebold
941441,Stephenie Meyer
4039811,Veronica Roth
15872,Rick Riordan
150038,Cassandra Clare
815,Carlos Ruiz Zafón
2617,Jonathan Safran Foer
4711,Sue Monk Kidd
3275,Jeannette Walls
1194527,Mary Ann Shaffer
534082,Tim Butcher
11679,Elizabeth Gilbert
108424,Patrick Rothfuss
23613,Emma Donoghue
798,Steven D. Levitt
55215,Junot Díaz
2578,Jonathan Franzen
5869,Erik Larson
137902,Richelle Mead
22665,Diane Setterfield
8002,John Grogan
5918,Elizabeth Kostova
9987,Philippa Gregory
4370565,Erin Morgenstern
7136914,Ann Patchett
194531,Garth Stein
2383,Gillian Flynn
713,Lisa See
6876,Kim Edwards
8842,Susanna Clarke
27837,Greg Mortenson
15481463,William Paul Young
305400,Tatiana de Rosnay
2121,Michael Pollan
2633,Nicole Krauss
810254,Aravind Adiga
982213,David Wroblewski
28186,Anthony Doerr
5571,Lynne Truss
822,James Frey
7195,John Boyne
3956,Christopher Hitchens
211268,Geraldine Brooks
286014,Ki Longfellow
93353,Abraham Verghese
31712,Ernest Cline
18049968,Behrouz Hosseini
2940640,Rebecca Skloot
8349,Christopher Paolini
45922,Lionel Shriver
33,Edward P. Jones
1373880,Kristin Cashore
6540057,Andy Weir
348878,James Dashner
569269,Jay Asher
643126,Muriel Barbery
5791,Max Brooks
18907,Gregory David Roberts
287960,Randy Pausch
5151,Azar Nafisi
97313,Elizabeth Strout
2876763,Becca Fitzpatrick
17061,Charlaine Harris
13591,Leif Enger
13957,Scott Westerfeld
281810,Jojo Moyes
1257,Barbara Ehrenreich
49625,Jennifer Egan
14080,Colum McCann
3058,Augusten Burroughs
3046613,Ransom Riggs
58851,Hilary Mantel
38120,Brian Selznick
1421619,Jamie Ford
45315,Justin Cronin
4432,Jasper Fforde
10289,Dennis Lehane
374590,Chris Cleave
615274,Kate Morton
380,Eric Schlosser
46118,David Nicholls
2936493,Lauren Oliver
11291,Chimamanda Ngozi Adichie
4725841,E.L. James
22493,Irène Némirovsky
6578005,Salman Aditya
479779,John Ajvide Lindqvist
1304470,Ally Condie
769979,Åsne Seierstad
7956,Mary Roach
9355,Dean Koontz
1476,Doris Kearns Goodwin
375,Chuck Klosterman
7949493,Kia Carrington-Russell
2526,Libba Bray
3849415,Deborah Harkness
16272,Michel Faber
1063732,Paula Hawkins
56223,Joshua Ferris
295178,Gayle Forman
38550,Brandon Sanderson
2122,Sarah Vowell
2905297,Lauren Kate
7581,Kelley Armstrong
149883,Andrew Davidson
1330292,Maggie Stiefvater
2226,Alan Brennert
4859212,R.J. Palacio
1899600,Vicki Myron
24189,Ishmael Beah
3433047,Sarah J. Maas
9222,Emma McLaughlin
3380908,Pittacus Lore
7116,Cecelia Ahern
2895706,Kami Garcia
7471,D.B.C. Pierre
138825,Tana French
4684322,Marissa Meyer
978484,Lisa Genova
225944,Per Petterson
6649,Stephen Colbert
324620,Laini Taylor
6621980,Yuehai Xiao
15830,Sarah Dunant
120401,David Benioff
460979,Nancy Horan
3681,Ann Brashares
291916,Robert Fanney
3222554,Jonas Jonasson
60229,Ron Hall
38951,John Connolly
54493,Kristin Hannah
370361,Patrick Ness
16593,Sam Harris
14151,Craig Thompson
20248,J.R. Ward
1641,Nathaniel Philbrick
4208569,Rainbow Rowell
4808225,Dennis Sharpe
4251995,Ted Bernal Guevara
24689,Harlan Coben
3354538,Rom LcO&#39;Feer
8546,Julie Powell
36615,Adam Johnson
40563,Patricia Briggs
1041872,Patrick deWitt
3780,James Patterson
20411,Lawrence Hill
445303,Maria V. Snyder
4342215,Marie Lu
2747995,Mahbod Seraji
80212,C.J. Sansom
5309857,Rachel Joyce
363635,Linda Masemore Pirrung
200317,Alyson Noel
57983,Newt Scamander
3067074,Kathleen Grissom
7722020,Simon W. Clark
27857,Jenna Blum
2987125,Kiera Cass
2904306,Karl Marlantes
91,John Banville
9972,Julia Glass
4937879,Téa Obreht
776,Michael   Lewis
176372,Madeline Miller
7280844,Krassi Zourkova
49612,Ariana Franklin
4536964,Amor Towles
16759765,Thomas L. Friedman
9915,Ann Packer
4101935,Susan Cain
141301,Jonathan Littell
6571447,Hanya Yanagihara
17015,P.C. Cast
1895943,Graeme Simsion
196092,Patti Smith
4823432,Eowyn Ivey
19564,Neal Shusterman
7064545,Malala Yousafzai
34372,J.R. Moehringer
12444,Bill Willingham
16902,Mohsin Hamid
3064305,Hugh Howey
175855,Melissa Marr
3097905,Colleen Houck
1808111,Kenneth Jarrett Singleton
18235662,سید مرتضی مصطفوی
73149,Scott Lynch
3124443,David Dennis
57990,Kennilworthy Whisp
9212,Jennifer Weiner
2987,Sarah Dessen
3377941,Rick Yancey
7111,Walter Isaacson
167605,Guillermo del Toro
291620,Steven Galloway
155717,Cheryl Strayed
15543,Alan Hollinghurst
1226977,Paolo Bacigalupi
46245,Ayaan Hirsi Ali
2960227,Robin Sloan
6565853,Anastacia Moore
669810,Jeaniene Frost
65135,Daniel Woodrell
6468,Denis Johnson
181357,Stef Penney
4770,Tracy Kidder
13370,Emily Giffin
1563,Steven Johnson
142270,Lev Grossman
2786093,Emily St. John Mandel
2093764,Eleanor Catton
6697472,Aporva Kala
566874,Sarah Addison Allen
25839,Rob Sheffield
5755257,M.L. Stedman
10896,Eoin Colfer
290189,Paula McLain
3452783,Chad Harbach
49177,Shannon Hale
1125279,Stephen Douglass
83727,Steven Hall
4763,John Scalzi
5272674,Jenny  Lawson
767547,Lisa McMann
299121,Lloyd Jones
3465,Julia Child
11672,Ned Vizzini
1318,Susan Beth Pfeffer
9237,Jacqueline Carey
34713,Joseph O&#39;Connor
56224,Ally Carter
4476934,Jennifer L. Armentrout
12667,Jess Walter
7380291,S.S. Segran
8472193,Tyler Chase
886869,Brunonia Barry
63630,Beth Hoffman
6583811,Cristiane Serruya
3246397,Jean Kwok
1852,Monique Truong
4464118,Jamie McGuire
43784,Lian Hearn
8347,Garth Nix
338705,Catherynne M. Valente
27100,Michael Scott
3465954,Laurent Binet
24508,Salvador Plascencia
4126827,Michelle Hodkin
20357,Chelsea Handler
5105154,Chris Titus
7223069,Deepak Chaswal
6549865,Ashok  Kallarakkal
40851,Siri Hustvedt
8360,Nancy Farmer
60441,Nicholas D. Kristof
3509,Chris Bohjalian
3490,Lauren Weisberger
1431785,David Grann
7825,Ruth Ozeki
24732,Andrea Levy
2606,Bill Buford
22580,Julie Orringer
6582,Antonia Fraser
342135,Katherine Howe
17054,Kim Harrison
9993,Mark Dunn
6585995,Lilian Roberts
6225,Daniel Mendelsohn
2561660,Clive Blake
1387050,Julie Rollins
5100743,Alexei Maxim Russell
88550,Joseph Boyden
6485178,Fredrik Backman
9950,Ron Chernow
7210024,Claire North
1599723,Michael  Grant
183819,John Elder Robison
1214964,Ta-Nehisi Coates
981834,Tom Rob Smith
5430144,Colleen Hoover
493232,Paolo Giordano
10020,Lorna Landvik
4575289,Leigh Bardugo
4385839,Tina Fey
2891665,Gail Carriger
98389,Richard Belzer
51304,Catherine Anderson
16376765,Aldrin Mathew
182835,Philip Sington
31428,Kiran Desai
711,Rick Warren
68959,Gene Luen Yang
7377174,Chris-Jean Clarke
3446736,Todd Burpo
2261547,Rachel Hawkins
3567958,Isabel Wilkerson
1251730,Matthew Quick
383606,Robert Galbraith
40593,Gabrielle Zevin
466,Jon Stewart
4086715,Kendare Blake
628636,Jenny Downham
5193034,Tracey Garvis Graves
4343092,Amish Tripathi
1429808,MaryJanice Davidson
119121,Conn Iggulden
1448,Karen Joy Fowler
8297430,B.M.B. Johnson
13910299,Sandip Khade
34049,John Flanagan
13528752,James Faro
48557,Chelsea Cain
5375385,Scott McElhaney
37613,Glen Duncan
8730,Naomi Novik
33919,Jeff VanderMeer
88506,Joe Hill
132420,Kate Grenville
1238,Nelson DeMille
4346642,R.D. Ronald
940746,William T. Vollmann
298438,Kerstin Gier
904939,Terry Hayes
6466778,Helene Wecker
785914,Barbara Demick
904719,Jo Nesbø
28995,David Mazzucchelli
7374,Nicola Barker
52458,Luis Alberto Urrea
157663,Angie Sage
1192311,Claudia Gray
173491,E. Lockhart
3041100,Andrea Cremer
133538,Christopher McDougall
15049422,Angie Thomas
3407448,Ruta Sepetys
27498,Erin Hunter
16496,Richard K. Morgan
3486415,Amanda Hocking
47104,Melina Marchetta
3290920,Cynthia Hand
21982,Alison Bechdel
8864,Richard Flanagan
6589431,Duncan Whitehead
6978127,G.X. Chen
7458878,Graça Jacinto
15606198,Nikki Moyes
8442873,Ammar Habib
53597,Scarlett Thomas
13476382,Brian  Courtney
7193037,K.L. Randis
44085,Elena Ferrante
6200344,Karl Wiggins
28010,Chris Crutcher
3433502,Lindsay Anne Kendal
5043259,Domenico Italo Composto-Hart
1441,Ted Dekker
11781,Alan Bennett
8416438,James Sillwood
8550628,Jim  Dwyer
2995873,Julie Kagawa
15376492,Nathan  Hill
690619,Lauren Groff
12437,Gary Shteyngart
24514,Brian K. Vaughan
51942,Sharon M. Draper
4637539,Tahereh Mafi
8178,Carl Hiaasen
2821144,Ellen Hopkins
21748,Ilona Andrews
7410148,Onyeka
103952,Mende Nazer
599916,Tabitha Suzuma
55397,Nadine Gordimer
2875124,Heather Gudenkauf
8898,Bob Dylan
72401,Daniel Kahneman
1483,Joseph J. Ellis
14577,Jen Lancaster
322069,Liane Moriarty
16203,Rory Stewart
4408937,Paul Murray
15890,Trudi Canavan
5763697,Non Nomen
6520851,Michal Siwiec
6983518,M.P. Attardo
6894841,Felix Abt
7801640,Donnie  Smith
7834076,Daniel M. Harrison
15715539,Miquel Reina
64761,Anne Applebaum
6940334,Avery Aster
1351903,Colm Tóibín
4154802,C.C. Hunter
130166,Cynthia Lord
6889132,B. Kristin McMichael
5816574,Andrew P. Weston
2347,Jeanne DuPrau
4537214,Vanessa Diffenbaugh
47672,Trenton Lee Stewart
10029,Colson Whitehead
7079,Ben Fountain
753573,Ron Currie Jr.
5437976,J.A. Redmerski
6162,Nuala O&#39;Faolain
3407,Antony Beevor
22004,Charles C. Mann
24214,Rusty Young
52320,Elizabeth E. Wein
2928223,Chris Abani
165168,Derek Landy
8170,William  Boyd
327737,W. Bruce Cameron
837804,Steve Toltz
4992939,Katherine Boo
5274234,Carol Rifka Brunt
1074866,Alan Bradley
8885,George Saunders
21770,Keith Donohue
5804101,Anthony Ryan
794012,Philipp Meyer
3066198,Tom Rachman
1588088,Maria Semple
2917917,N.K. Jemisin
4841310,Benjamin Alire Sáenz
125736,Tom Franklin
3090079,Shilpi Somaya Gowda
74078,Sandra Dallas
4577916,Macel Ely II
26250,Patricia McCormick
1302285,Isaac Marion
5023,Jacqueline Winspear
5989255,Anthony Marra
1612,Jeffery Deaver
190922,Justina Chen
972440,Hillary Jordan
5807106,Iain M. Banks
4470653,S.J. Watson
44942,Pete Hamill
4629065,Amber Argyle
6984726,Allie Brosh
14220744,Tiffany McDaniel
4564292,Joseph Rinaldo
7857144,Lola Smirnova
5077755,Jonathan Culver
7558024,Taylor Ann Bunker
1402293,Janie Pendleton
8128206,Shareef Mabrouk
13769153,Pratik Patil
325606,Maria Fairweather
66631,Marisa de los Santos
8794,Charles Stross
10990528,Spike Pitt
276660,Joe Abercrombie
3027554,Kiersten White
11783,Richard Powers
469747,Erika Mailman
4575371,Katie McGarry
996279,Zachary Mason
1605242,Richard  Murphy
2973783,Alexandra Bracken
9343,Kate Mosse
13900,Alexandra Fuller
965819,Jo Baker
97389,Brady Udall
18149,Tess Gerritsen
50743,Ethan Canin
2476,Noam Chomsky
5815562,Susan Abulhawa
11664,David Levithan
47072,John Hart
4750548,Ezra Barany
4562483,Sylvain Reynard
571131,Eleanor Brown
485392,Jane Mayer
164187,Jennifer Lynn Barnes
2362,Marisha Pessl
13271,Samantha Power
29011,Kathi Appelt
38809,James Rollins
56064,Marlon James
18344,Joyce Reardon
170658,L.A. Meyer
16560,Dan Chaon
4637369,Veronica Rossi
442240,Blake Crouch
25254,Russell Shorto
15907,Tom Perrotta
4598040,Haresh Daswani
1676417,Jesmyn Ward
171414,Howard Jacobson
1036736,Katherine Applegate
963811,A.J. Jacobs
2910748,Brian Celio
12676,Heather O&#39;Neill
2829101,Leonard Seet
13612458,Donald Jans
5143595,Tom   Davis
3353516,Amy Plum
51162,Lolly Winston
4467375,Sarah Jio
8341870,J. Armand
32401,Alison Croggon
13544944,Nataša Nuit Pantović
1129509,Sofi Oksanen
4487674,Moira Young
179712,Chris d&#39;Lacey
54066,Andre Agassi
225033,David  Wong
1107101,Joseph Sweet
8108373,Mya Robarts
30757,Tom McCarthy
194243,Louise Penny
16987279,Muhammad Mustafa al-ʿAzami
134980,Herta Müller
6474348,Pierce Brown
1088758,Dexter Filkins
7027588,Melody Laughlin
104437,Debra Dean
3032451,Siddhartha Mukherjee
269069,Michelle Moran
357601,Rachel Hartman
4371731,Paul Harding
395622,Ron Paul
4428,Kresley Cole
4194881,Stephen Greenblatt
3006839,Randy Susan Meyers
194416,Mindy Kaling
3406550,Josephine Angelini
6914204,Robin LaFevers
25422,Holly Black
56358,Rene Denfeld
27379,Philip Reeve
1956402,Daniel Suarez
172487,Brom
6466759,Katja Millay
127405,Christian Kracht
36346,Jennifer Donnelly
686103,Anchee Min
688672,Kathryn Erskine
33031,Ian Rankin
61124,Chetan Bhagat
6154020,Arun D. Ellis
5122816,J.M. Johnson
2716,Glen David Gold
44565,Candice Millard
5042201,John Tiffany
218843,William Landay
3153776,Mira Grant
16807,Bryan Lee O&#39;Malley
12623,Rajiv Chandrasekaran
6366,Margaret MacMillan
3499,Lalita Tademy
10482,Jeff Lindsay
7025,Gregory Maguire
169377,Seth Grahame-Smith
93575,Meg Rosoff
79510,Sebastian Barry
86085,Blue Balliett
10317,Maureen Johnson
2931,Ruth Downie
415967,Rachel Vincent
5562501,Emmi Itäranta
6429,Curtis Sittenfeld
157979,Claudia Rankine
134408,Peter Heller
9550,Laurell K. Hamilton
1116816,Dave Cullen
41209,Jennifer Haigh
788461,Dan Ariely
4586597,R.L. Mathewson
12425,Robert Kirkman
225455,Maryrose Wood
55473,Jeremy Scahill
9219,Adriana Trigiani
21618,Raina Telgemeier
52989,Julie Anne Peters
135829,Cecilia Dart-Thornton
5333595,Sheryl Sandberg
2096360,Aprilynne Pike
42775,Yōko Ogawa
2903247,Lucy Christopher
14617,Margaret Peterson Haddix
13847588,Tan Twan Eng
26372,Kathy Reichs
4864634,C.J. Redwine
1042875,Teju Cole
12589,Steven Millhauser
4492558,M.G. Wells
1429844,Brett Axel
854392,Patrick Holland
6717186,Norene Moskalski
5371010,Michael Haden
17596266,Allan C. Weisbecker
7163748,Melinda De Ross
8187644,Danelle O&#39;Donnell
10347331,Chuck U. Farlie
13763089,Scott Robert Scheller
13829147,Michael D. Durkota
12106810,Marcus L. Lukusa
14178912,Lee Burvine
14726163,Zoltan Andrejkovics
16900628,Tessa Clare
4846217,John Zunski
25376,Ian McDonald
7873610,Lucian Bane
8433724,Thomas Sweeney
4077409,James R. Hannibal
5130924,Michael  West
7153266,Tali Carmi
8507331,Neva Squires-Rodriguez
13652897,M.H. Boroson
13929,Adrian Nicole LeBlanc
3275595,T. Rafael Cimino
6975,Peter Matthiessen
7376084,Renée Paule
39367,Peter R. Pouncey
7843984,Erez Aharoni
8423214,Allison Goh
432859,Jennifer Brown
2922229,André Aciman
5332020,Vaddey Ratner
7008445,D.M. Wolfenden
324097,Christopher WunderLee
486812,Susanna Kearsley
1144014,C.B. Smith
24902,Kelly Link
10740,Ellen Meloy
6637,Diane Ackerman
7414345,Jami Brumfield
20295,Stephen Baxter
18282,Lisa Gardner
4500323,Alice Ozma
21911,Melissa de la Cruz
4197193,Sarah Winman
23013,Edmund Morris
56281,Paul Rusesabagina
29101,David Graeber
4826501,Tammara Webber
164170,Harun Yahya
28589,William H. Patterson Jr.
379290,Marcus Luttrell
8415755,Tamara Philip
363405,Elizabeth Scott
154409,Steve López
2802650,علي محمد الصلابي
23876,Doug Stanton
112052,Patrick Modiano
14655,Jeff Shaara
4890182,Susan Ee
8080,Michael Morpurgo
37519,Victoria Hislop
27276,Robert Charles Wilson
341493,Craig Silvey
378209,Min Jin Lee
126211,Donald McCaig
6542440,Elif Shafak
19696,Greg Iles
40882,Robert K. Massie
19053,Carolyn Meyer
16201099,Scott  Curtis
1251771,Barton Gellman
16495,Michael Azerrad
42456,David Clarke
22782,George Carlin
104017,David Small
1443712,Carrie Ryan
1083757,Jonathan Evison
128556,Brock Clarke
114558,Rory Freedman
32137,Ben Macintyre
7770873,Sabaa Tahir
5780686,Liu Cixin
3427915,Steve  Morris
80808,Helen Oyeyemi
1192027,Derek B. Miller
45539,Keith Richards
1236,John Eldredge
266461,Robert Goolrick
56836,Simon Mawer
25052,Brandon Mull
146797,Elizabeth Haynes
274533,Simone Elkeles
155829,Jeanne Birdsall
4512224,Lindsay Buroker
1033445,Uwem Akpan
12542,Bernard Cornwell
9291,David Baldacci
45886,Lisa Moore
11912,Jude Watson
90150,Carrie Fisher
2788,Eric R. Kandel
96375,Gary D. Schmidt
2974095,Kate Quinn
486329,Daniel James Brown
249385,Jesse Ventura
7773619,Kyung-Sook Shin
26163,Jonathan Tropper
31723,Percival Everett
32716,Apostolos K. Doxiadis
6450261,Sonali Deraniyagala
59390,Grace Lin
25591,Enrique Vila-Matas
48192,Gena Showalter
63640,Aminatta Forna
2063919,Michael J. Sullivan
5868605,G.B. Hope
107079,Manning Marable
514824,Julia Hoban
93970,Sara Shepard
15496,Amos Oz
146374,Joseph Delaney
202311,Chuck Hogan
22542,Megan Whalen Turner
2497,Jack Weatherford
9996,Richard   Preston
4902564,Lissa Price
31688,M.T. Anderson
1026961,Shelley Adina
117366,Keigo Higashino
99356,Chris Stewart
110194,Riverbend
121579,Kirby Larson
3365457,Ann Leckie
18741,Max Barry
1238111,Marie Rutkoski
327175,Thomas O&#39;Callaghan
375626,Lara Adrian
832040,Daniel Glattauer
1379540,Francisco X. Stork
4090011,S.C. Gwynne
159090,Tim Weiner
36103,Shane Claiborne
13139,Rachel Cohn
119755,Michelle Paver
